File name,University,Year,Grade,Topic,Topic (translated into English),Number of words,Name code
CHU2024AKIM110.txt,CHU,2024,1,liburan,vacation,49,AKIM
CHU2024ANTO102.txt,CHU,2024,1,catatan harian,diary,47,ANTO
CHU2024CHKE106.txt,CHU,2024,1,keluarga,family,46,CHKE
CHU2024IBSA110.txt,CHU,2024,1,liburan,vacation,43,IBSA
CHU2024JIAR103.txt,CHU,2024,1,teman,friends,49,JIAR
CHU2024NOIZ110.txt,CHU,2024,1,liburan,vacation,44,NOIZ
CHU2024UMAG106.txt,CHU,2024,1,keluarga,family,47,UMAG
KUIS2024TAKY101.txt,KUIS,2024,1,perkenalan diri,self-introduction,46,TAKY
OU2024RINT201.txt,OU,2024,2,deskripsi tempat,place description,367,RINT
SFC2024AYUD103.txt,SFC,2024,1,sehari,a day,43,AYUD
SFC2024IMIN103.txt,SFC,2024,1,sehari,a day,49,IMIN
SFC2024KEIF101.txt,SFC,2024,1,ruangan,room,45,KEIF
SFC2024KEIF207.txt,SFC,2024,2,budaya,culture,48,KEIF
SFC2024KOOS206.txt,SFC,2024,2,warisan budaya,cultural heritage,44,KOOS
SFC2024MOTS205.txt,SFC,2024,2,festival,festival,46,MOTS
SFC2024NISO105.txt,SFC,2024,1,keluarga,family,47,NISO
SFC2024RITO104.txt,SFC,2024,1,teman,friends,43,RITO
SFC2024ZUNT103.txt,SFC,2024,1,sehari,a day,46,ZUNT
SFC2024ZUUR106.txt,SFC,2024,1,perjalanan,trip,44,ZUUR
SOP2024MAIK104.txt,SOP,2024,1,ruangan,room,43,MAIK
SOP2024NAYU105.txt,SOP,2024,1,teman,friends,49,NAYU
SOP2024UNAM103.txt,SOP,2024,1,keluarga,family,46,UNAM
TUFS2024KANT215.txt,TUFS,2024,2,makanan,food,302,KANT
TUFS2024RIRK101.txt,TUFS,2024,1,pengalaman,experience,122,RIRK
TUFS2024RYON215.txt,TUFS,2024,2,makanan,food,197,RYON
TUFS2024SMOK215.txt,TUFS,2024,2,makanan,food,188,SMOK
TUFS2024TAKS216.txt,TUFS,2024,2,budaya,culture,284,TAKS
TUFS2024UZAK101.txt,TUFS,2024,1,pengalaman,experience,93,UZAK
TUFS2024YESH214.txt,TUFS,2024,2,agama,religion,260,YESH
TUFS2024YESH215.txt,TUFS,2024,2,makanan,food,242,YESH
CHU2024ERIN101.txt,CHU,2024,1,perkenalan,introduction,42,ERIN
SFC2024MOTS103.txt,SFC,2024,1,sehari,a day,42,MOTS
SOP2024SAHI103.txt,SOP,2024,1,keluarga,family,42,SAHI
CHU2024JIAR102.txt,CHU,2024,1,catatan harian,diary,41,JIAR
SFC2024KSHA103.txt,SFC,2024,1,sehari,a day,41,KSHA
CHU2024AIRE101.txt,CHU,2024,1,perkenalan,introduction,40,AIRE
CHU2024SHIB110.txt,CHU,2024,1,liburan,vacation,40,SHIB
SFC2024TAJI209.txt,SFC,2024,2,jalan-jalan,sightseeing,40,TAJI
SFC2024KSHA106.txt,SFC,2024,1,perjalanan,trip,39,KSHA
SOP2024ZUTA104.txt,SOP,2024,1,ruangan,room,39,ZUTA
CHU2024SUTS110.txt,CHU,2024,1,liburan,vacation,38,SUTS
SFC2024NOCH202.txt,SFC,2024,2,perjalanan,trip,38,NOCH
SOP2024MAIK103.txt,SOP,2024,1,keluarga,family,38,MAIK
SFC2024IKIM103.txt,SFC,2024,1,sehari,a day,37,IKIM
SOP2024KOID204.txt,SOP,2024,2,pengalaman,experience,37,KOID
CHU2024GOWA106.txt,CHU,2024,1,keluarga,family,36,GOWA
CHU2024SUAM101.txt,CHU,2024,1,perkenalan,introduction,36,SUAM
SFC2024GIYU210.txt,SFC,2024,2,liburan,vacation,36,GIYU
CHU2024TSID102.txt,CHU,2024,1,catatan harian,diary,35,TSID
CHU2024RIWA101.txt,CHU,2024,1,perkenalan,introduction,34,RIWA
SFC2024KEIS105.txt,SFC,2024,1,keluarga,family,34,KEIS
SFC2024YURO101.txt,SFC,2024,1,ruangan,room,34,YURO
CHU2024RIWA102.txt,CHU,2024,1,catatan harian,diary,33,RIWA
CHU2024TAEH102.txt,CHU,2024,1,catatan harian,diary,33,TAEH
SFC2024RYOM208.txt,SFC,2024,2,toko,shop,33,RYOM
CHU2024AYEK106.txt,CHU,2024,1,keluarga,family,32,AYEK
CHU2024WAIM104.txt,CHU,2024,1,ruangan,room,32,WAIM
CHU2024SRAY102.txt,CHU,2024,1,catatan harian,diary,31,SRAY
SFC2024IKIM105.txt,SFC,2024,1,keluarga,family,31,IKIM
CHU2024RIWA103.txt,CHU,2024,1,teman,friends,30,RIWA
SFC2024RYOM105.txt,SFC,2024,1,keluarga,family,30,RYOM
CHU2024RIWA106.txt,CHU,2024,1,keluarga,family,29,RIWA
SFC2024KOOS210.txt,SFC,2024,2,liburan,vacation,29,KOOS
CHU2024GASH104.txt,CHU,2024,1,ruangan,room,28,GASH
CHU2024TOJI101.txt,CHU,2024,1,perkenalan,introduction,28,TOJI
CHU2024AIAY101.txt,CHU,2024,1,perkenalan,introduction,27,AIAY
CHU2024YAER104.txt,CHU,2024,1,ruangan,room,27,YAER
SOP2024HAKE104.txt,SOP,2024,1,ruangan,room,27,HAKE
CHU2024ERIN106.txt,CHU,2024,1,keluarga,family,26,ERIN
CHU2024TAEH101.txt,CHU,2024,1,perkenalan,introduction,26,TAEH
SFC2024RYAK105.txt,SFC,2024,1,keluarga,family,26,RYAK
CHU2024AMYU105.txt,CHU,2024,1,perkenalan,introduction,25,AMYU
SFC2024RYAM103.txt,SFC,2024,1,sehari,a day,25,RYAM
CHU2024HIWA105.txt,CHU,2024,1,perkenalan,introduction,24,HIWA
SFC2024RYAK106.txt,SFC,2024,1,perjalanan,trip,24,RYAK
SOP2024TANA101.txt,SOP,2024,1,perkenalan,introduction,24,TANA
CHU2024AMYU108.txt,CHU,2024,1,rutinitas,routine,23,AMYU
CHU2024ISHM105.txt,CHU,2024,1,perkenalan,introduction,23,ISHM
CHU2024SHIB109.txt,CHU,2024,1,tokoh,notable figure,23,SHIB
CHU2024YURU105.txt,CHU,2024,1,perkenalan,introduction,23,YURU
SOP2024MAIK101.txt,SOP,2024,1,perkenalan,introduction,23,MAIK
CHU2024CHKI101.txt,CHU,2024,1,perkenalan,introduction,22,CHKI
CHU2024RYIN105.txt,CHU,2024,1,perkenalan,introduction,22,RYIN
CHU2024WAIM101.txt,CHU,2024,1,perkenalan,introduction,22,WAIM
SOP2024AWSA101.txt,SOP,2024,1,perkenalan,introduction,22,AWSA
SOP2024WATO101.txt,SOP,2024,1,perkenalan,introduction,22,WATO
CHU2024ANTO105.txt,CHU,2024,1,perkenalan,introduction,21,ANTO
CHU2024SHOD105.txt,CHU,2024,1,perkenalan,introduction,21,SHOD
CHU2024FUOM101.txt,CHU,2024,1,perkenalan,introduction,20,FUOM
CHU2024SUIS105.txt,CHU,2024,1,perkenalan,introduction,20,SUIS
SFC2024KSSE103.txt,SFC,2024,1,sehari,a day,20,KSSE
CHU2024HAMI108.txt,CHU,2024,1,rutinitas,routine,19,HAMI
CHU2024RYIN106.txt,CHU,2024,1,keluarga,family,19,RYIN
SOP2024YADO101.txt,SOP,2024,1,perkenalan,introduction,19,YADO
CHU2024SUAM109.txt,CHU,2024,1,tokoh,notable figure,18,SUAM
CHU2024SUTS105.txt,CHU,2024,1,perkenalan,introduction,17,SUTS
CHU2024RYON102.txt,CHU,2024,1,catatan harian,diary,16,RYON
CHU2024JOHI102.txt,CHU,2024,1,catatan harian,diary,14,JOHI
SFC2024EIHO105.txt,SFC,2024,1,keluarga,family,12,EIHO